Alice,Perez,aperez0@eventbrite.com,https://randomuser.me/api/portraits/women/5.jpg
Edward,Mason,emason1@typepad.com,https://randomuser.me/api/portraits/men/5.jpg
Jonathan,Montgomery,jmontgomery2@uiuc.edu,https://randomuser.me/api/portraits/men/6.jpg
Lois,Cook,lcook3@pcworld.com,https://randomuser.me/api/portraits/women/6.jpg
Andrew,Ruiz,aruiz4@amazon.co.jp,https://randomuser.me/api/portraits/men/7.jpg
Anthony,Watkins,awatkins5@wikipedia.org,https://randomuser.me/api/portraits/men/8.jpg
Lori,Lynch,llynch6@macromedia.com,https://randomuser.me/api/portraits/women/7.jpg
Benjamin,Nguyen,bnguyen7@wikispaces.com,https://randomuser.me/api/portraits/men/9.jpg
Chris,Watson,cwatson8@whitehouse.gov,https://randomuser.me/api/portraits/men/10.jpg
Peter,Hamilton,phamilton9@ucoz.com,https://randomuser.me/api/portraits/men/11.jpg
Mary,Baker,mbakera@yellowpages.com,https://randomuser.me/api/portraits/women/8.jpg
Phillip,Duncan,pduncanb@npr.org,https://randomuser.me/api/portraits/men/12.jpg
Lois,Adams,ladamsc@columbia.edu,https://randomuser.me/api/portraits/women/9.jpg
Sandra,Howell,showelld@topsy.com,https://randomuser.me/api/portraits/women/10.jpg
Lois,Montgomery,lmontgomerye@usgs.gov,https://randomuser.me/api/portraits/women/11.jpg
Joan,Murray,jmurrayf@yolasite.com,https://randomuser.me/api/portraits/women/12.jpg
Benjamin,Little,blittleg@gov.uk,https://randomuser.me/api/portraits/men/13.jpg
Eugene,Hansen,ehansenh@apache.org,https://randomuser.me/api/portraits/men/14.jpg
Joyce,Schmidt,jschmidti@woothemes.com,https://randomuser.me/api/portraits/women/13.jpg
Jeffrey,Fox,jfoxj@walmart.com,https://randomuser.me/api/portraits/men/15.jpg
Kenneth,Thomas,kthomask@yahoo.co.jp,https://randomuser.me/api/portraits/men/16.jpg
Randy,Garrett,rgarrettl@google.com,https://randomuser.me/api/portraits/men/17.jpg
Laura,Jenkins,ljenkinsm@fotki.com,https://randomuser.me/api/portraits/women/14.jpg
Jessica,Kelley,jkelleyn@disqus.com,https://randomuser.me/api/portraits/women/15.jpg
Christopher,Hart,charto@google.ca,https://randomuser.me/api/portraits/men/18.jpg
Jerry,Gibson,jgibsonp@europa.eu,https://randomuser.me/api/portraits/men/19.jpg
Steven,Cole,scoleq@howstuffworks.com,https://randomuser.me/api/portraits/men/20.jpg
William,Hamilton,whamiltonr@nyu.edu,https://randomuser.me/api/portraits/men/21.jpg
Kathleen,Freeman,kfreemans@opensource.org,https://randomuser.me/api/portraits/women/16.jpg
Helen,Morgan,hmorgant@cnbc.com,https://randomuser.me/api/portraits/women/17.jpg
